customer_id,age,annual_income,credit_score,loan_amount,loan_term_months,employment_years,num_prev_loans,num_defaults,savings_balance,monthly_expenses,debt_to_income_ratio,region,education_level,marital_status,has_mortgage,risk_category
1,62,34473.04,581,12999.7,24,22.2,10,0,59049.25,738.37,0.3771,North,Bachelor,Single,0,Low Risk
2,34,113082.55,729,11801.59,60,8.7,0,0,75880.74,1697.44,0.1044,West,Master,Married,0,Low Risk
3,43,33287.34,689,5739.1,36,18.3,0,0,72973.18,4521.71,0.1724,West,High School,Divorced,1,Low Risk
4,61,135108.73,670,29290.26,12,1.9,3,2,98522.15,6914.88,0.2168,North,PhD,Married,1,Low Risk
5,45,41145.03,663,11265.84,36,21.2,10,0,60913.1,1783.54,0.2738,South,Bachelor,Married,1,Low Risk
6,62,109461.05,524,34546.1,12,7.3,0,0,80504.58,3508.74,0.3156,North,Bachelor,Divorced,1,Medium Risk
7,63,84900.06,769,8000.71,24,7.8,8,2,74701.38,3713.25,0.0942,West,Master,Single,0,Low Risk
8,53,31818.22,348,43194.04,24,19.0,10,3,59640.9,3385.75,1.3575,West,Master,Divorced,0,High Risk
9,29,108622.35,849,37793.01,36,3.8,6,1,45372.37,7653.62,0.3479,East,Bachelor,Divorced,0,Low Risk
10,41,129417.02,819,30839.54,24,11.5,2,2,95349.97,7418.26,0.2383,North,Master,Married,0,Low Risk
11,45,134233.84,614,12733.16,24,26.4,1,0,73190.76,6620.17,0.0949,South,Bachelor,Divorced,1,Low Risk
12,32,54457.36,733,48253.78,60,22.8,3,2,39899.23,5537.65,0.8861,East,PhD,Divorced,1,Medium Risk
13,37,49210.65,646,2030.68,60,7.3,3,0,7099.31,5233.27,0.0413,South,High School,Single,1,Low Risk
14,54,50940.6,797,11497.6,24,21.8,9,3,24299.72,4047.3,0.2257,West,Bachelor,Single,0,Low Risk
15,49,66058.68,720,23884.21,12,20.4,10,0,6061.27,5961.6,0.3616,North,Bachelor,Single,0,Low Risk
16,50,38223.7,487,14648.71,24,26.3,1,1,80802.22,6919.75,0.3832,North,High School,Divorced,0,High Risk
17,37,41620.44,797,24586.56,48,27.1,2,1,215.54,3428.16,0.5907,West,Master,Married,1,Medium Risk
18,34,58572.02,359,29379.83,60,2.3,5,0,5014.23,4075.91,0.5016,South,High School,Divorced,0,High Risk
19,26,97354.56,540,20785.0,60,7.8,9,0,61938.15,3644.19,0.2135,East,Master,Single,1,Low Risk
20,38,71452.16,607,23404.0,12,0.8,9,0,7326.07,2098.66,0.3275,East,Bachelor,Married,0,Medium Risk
21,45,57048.36,748,41853.5,36,18.5,10,0,66786.32,4659.52,0.7336,North,Bachelor,Married,0,Low Risk
22,57,40208.23,588,30636.66,36,6.5,10,2,50540.91,2383.41,0.7619,North,High School,Divorced,1,Medium Risk
23,24,20460.94,433,32218.56,36,5.3,7,3,56090.69,1339.05,1.5746,South,High School,Married,0,High Risk
24,30,25437.75,673,45050.09,12,27.0,3,1,66693.34,3152.59,1.771,West,Bachelor,Single,0,High Risk
25,48,23222.23,640,39336.94,48,24.2,3,2,15919.78,5759.59,1.6939,West,High School,Married,0,High Risk
26,51,65455.6,533,11923.25,24,12.3,4,0,96688.91,2593.44,0.1822,West,Master,Single,0,Low Risk
27,33,95476.67,571,2874.6,60,13.3,5,3,60620.89,4335.67,0.0301,West,Bachelor,Married,0,Low Risk
28,49,20219.87,501,18846.85,12,28.5,5,2,66338.75,1434.69,0.9321,East,Master,Divorced,1,High Risk
29,47,110637.09,430,10400.16,48,20.5,2,2,56910.53,3545.56,0.094,North,Master,Married,0,Medium Risk
30,59,98866.0,629,23784.42,48,20.4,8,3,79373.54,7698.74,0.2406,South,High School,Married,1,Medium Risk
31,37,107463.44,530,40521.58,24,1.2,3,3,61127.4,6263.67,0.3771,West,PhD,Divorced,0,Medium Risk
32,46,84269.03,549,8231.0,12,26.8,1,1,21884.11,6530.82,0.0977,West,High School,Divorced,0,Medium Risk
33,51,37334.08,775,33711.31,60,18.1,7,3,83056.92,4609.04,0.903,South,PhD,Married,1,Medium Risk
34,62,56050.48,833,24745.25,24,8.6,1,1,23449.36,3018.86,0.4415,North,Bachelor,Single,0,Low Risk
35,31,111834.49,365,21328.53,36,16.5,6,0,20683.44,3651.08,0.1907,North,PhD,Married,0,Low Risk
36,41,117951.77,729,27372.81,60,24.1,3,3,21942.16,3768.77,0.2321,North,PhD,Married,1,Low Risk
37,32,129265.74,430,49055.38,60,1.3,6,0,8394.75,3714.6,0.3795,West,Bachelor,Single,1,Medium Risk
38,42,47515.84,634,17537.53,48,8.7,6,2,83491.09,4027.3,0.3691,North,Master,Single,0,Medium Risk
39,24,118050.32,553,10768.67,12,18.8,3,1,47356.11,1357.92,0.0912,South,PhD,Divorced,1,Medium Risk
40,32,98766.05,417,39111.8,24,29.0,1,0,92888.72,4818.48,0.396,West,PhD,Divorced,0,Medium Risk
41,59,109779.87,548,5993.16,36,25.6,9,0,79622.72,4744.49,0.0546,North,Master,Divorced,1,Low Risk
42,45,28964.38,649,1619.96,48,24.8,1,1,96078.76,5266.89,0.0559,West,Bachelor,Married,0,Medium Risk
43,55,145511.59,576,31179.71,60,23.4,7,3,82573.46,4943.56,0.2143,East,Bachelor,Single,1,Medium Risk
44,37,117561.92,688,17483.43,48,25.6,2,1,21211.99,6483.74,0.1487,East,Master,Divorced,1,Low Risk
45,22,87161.54,495,5195.04,48,14.9,3,3,64590.29,4181.16,0.0596,North,High School,Married,0,Medium Risk
46,37,59806.78,677,24189.76,60,10.6,8,2,35181.05,3903.09,0.4045,East,Master,Single,0,Medium Risk
47,34,61021.23,848,47593.0,24,6.2,7,2,72458.5,7824.55,0.7799,East,High School,Single,1,Medium Risk
48,45,43327.4,314,35692.91,24,8.6,0,0,55335.9,5730.63,0.8238,South,PhD,Single,0,Medium Risk
49,40,81021.6,751,17694.59,12,7.9,7,0,82211.56,3505.31,0.2184,North,High School,Single,0,Low Risk
50,41,31073.52,554,6804.13,48,18.4,9,1,77569.35,3352.84,0.219,West,Master,Divorced,1,Medium Risk
51,58,100733.55,401,47431.92,24,19.0,4,0,15705.71,1803.6,0.4709,North,Bachelor,Single,1,Low Risk
52,60,81088.62,333,12342.34,36,21.2,7,0,68738.49,7429.33,0.1522,South,PhD,Single,0,Low Risk
53,31,138093.49,445,4499.08,24,23.9,9,2,43915.34,4015.23,0.0326,East,PhD,Married,1,Medium Risk
54,27,97744.77,742,36992.16,60,7.9,1,0,96191.11,6769.69,0.3785,North,Master,Divorced,0,Low Risk
55,52,87465.3,752,45887.57,24,29.9,6,3,96905.52,4025.08,0.5246,West,Master,Married,0,Medium Risk
56,43,73513.86,807,15122.67,48,24.5,8,0,45482.59,2858.88,0.2057,East,High School,Married,0,Low Risk
57,56,80056.92,355,10191.54,36,18.9,7,3,75999.05,2026.69,0.1273,South,Master,Married,1,Medium Risk
58,23,146509.09,545,35779.36,36,16.7,8,3,9320.92,7941.93,0.2442,North,PhD,Single,0,Medium Risk
59,40,86153.36,579,21359.03,48,29.4,3,3,55126.51,3376.9,0.2479,South,High School,Married,1,Medium Risk
60,54,54732.45,302,14859.11,36,25.2,9,3,86526.06,3849.11,0.2715,West,Master,Married,1,Medium Risk
61,42,133048.22,544,29018.08,24,25.8,6,0,31817.63,4047.32,0.2181,West,PhD,Divorced,0,Low Risk
62,24,36412.02,639,43615.32,48,3.4,7,0,72244.38,3574.84,1.1978,South,High School,Married,1,Medium Risk
63,61,110051.6,382,42736.5,60,11.7,5,3,87238.3,769.24,0.3883,North,Bachelor,Divorced,1,Medium Risk
64,27,76416.29,400,38258.11,12,13.6,4,0,4599.1,6471.08,0.5007,East,Master,Married,1,Medium Risk
65,37,89051.62,484,9329.2,12,18.5,6,1,49766.73,4873.68,0.1048,South,PhD,Divorced,1,Medium Risk
66,38,106689.29,776,45159.26,60,5.2,7,2,98765.17,2743.66,0.4233,West,Master,Married,1,Low Risk
67,46,130933.61,409,12623.08,60,11.1,4,2,2193.96,6725.28,0.0964,West,Master,Single,0,Medium Risk
68,53,128269.06,593,39011.31,24,18.4,5,1,63661.79,5156.68,0.3041,South,High School,Divorced,0,Medium Risk
69,50,24337.39,673,36885.63,12,27.3,5,3,17564.01,1491.2,1.5156,East,Master,Single,1,High Risk
70,40,117052.72,646,40407.39,48,28.9,2,0,86014.06,5931.63,0.3452,West,Master,Single,1,Low Risk
71,38,89754.4,765,19060.7,36,17.7,10,2,10834.61,2253.66,0.2124,North,Master,Divorced,0,Low Risk
72,26,102602.51,775,45559.99,36,19.7,1,0,4534.68,779.09,0.444,West,High School,Single,0,Low Risk
73,30,70523.96,679,33853.82,60,12.9,2,1,65492.19,6752.7,0.48,West,Master,Single,1,Medium Risk
74,50,77810.46,541,42917.06,12,29.4,5,2,6055.01,2569.11,0.5516,North,PhD,Single,0,Medium Risk
75,62,97628.97,321,3478.35,36,7.7,2,2,20520.56,6723.63,0.0356,South,Bachelor,Single,1,Medium Risk
76,60,20368.62,448,49388.84,60,7.9,2,0,66105.76,693.35,2.4248,North,Master,Single,1,High Risk
77,33,54497.78,429,37344.18,60,3.9,1,1,44827.52,3215.29,0.6852,North,PhD,Divorced,0,Medium Risk
78,24,114541.59,833,15779.89,12,2.3,7,3,42627.36,1309.71,0.1378,West,High School,Single,1,Low Risk
79,31,28538.69,581,31591.56,60,16.7,5,3,99462.78,4479.18,1.107,West,PhD,Single,0,Medium Risk
80,63,134101.81,520,22073.43,24,12.7,7,3,41598.97,1213.14,0.1646,West,Master,Divorced,1,Medium Risk
81,31,109286.73,785,4289.53,12,3.3,1,1,81176.93,4672.78,0.0393,East,High School,Married,1,Low Risk
82,49,132851.98,352,48451.53,60,9.7,1,0,15473.02,4116.42,0.3647,North,Master,Divorced,1,Medium Risk
83,39,94633.0,739,42412.6,60,18.6,10,0,60899.49,5433.73,0.4482,East,High School,Single,1,Low Risk
84,41,139799.88,659,1299.18,24,17.2,6,0,14187.47,5248.79,0.0093,North,High School,Divorced,0,Low Risk
85,48,78973.95,461,19132.6,36,23.4,9,0,88334.22,1666.85,0.2423,North,High School,Married,1,Low Risk
86,49,83136.02,752,21295.0,24,22.8,1,1,42991.36,2624.35,0.2561,West,Master,Single,0,Low Risk
87,60,27121.65,509,15769.55,24,23.1,4,2,32812.24,557.97,0.5814,West,Bachelor,Single,1,High Risk
88,36,85034.11,662,4531.7,12,13.4,7,0,86211.0,4818.19,0.0533,West,PhD,Married,0,Low Risk
89,23,145605.96,475,40264.79,60,14.1,5,0,43671.18,1293.97,0.2765,West,PhD,Divorced,0,Low Risk
90,41,116954.63,526,17320.36,24,2.8,10,0,53060.48,1954.28,0.1481,East,Master,Divorced,0,Medium Risk
91,28,39037.75,502,9501.45,24,22.9,10,0,17714.61,6296.36,0.2434,West,PhD,Divorced,1,Low Risk
92,58,103588.94,630,43348.1,36,5.0,1,1,44220.81,2771.15,0.4185,East,High School,Married,0,Medium Risk
93,51,78748.8,358,19068.14,36,2.8,1,1,46271.17,4657.37,0.2421,North,PhD,Divorced,0,Medium Risk
94,60,81831.77,454,47928.4,48,3.6,5,0,50454.9,1794.19,0.5857,South,PhD,Married,0,Medium Risk
95,45,139331.78,696,21029.7,36,20.5,0,0,78922.69,5354.79,0.1509,North,Master,Single,1,Low Risk
96,38,114085.38,453,17334.74,60,20.1,5,2,96769.65,5738.6,0.1519,West,Bachelor,Divorced,0,Medium Risk
97,57,68968.31,636,40846.05,60,3.3,10,3,50848.85,636.73,0.5922,East,Bachelor,Single,1,Medium Risk
98,34,49450.6,440,8592.31,36,25.4,1,0,66192.92,7072.95,0.1738,South,PhD,Single,0,Medium Risk
99,61,125175.68,469,36337.97,12,12.6,10,1,96958.86,5079.47,0.2903,West,Bachelor,Divorced,0,Medium Risk
100,52,137516.66,498,19024.21,60,29.5,7,2,77812.4,4271.8,0.1383,West,Bachelor,Single,0,Medium Risk
101,25,103353.27,680,28172.5,12,21.5,8,0,28506.3,6223.38,0.2726,East,PhD,Divorced,0,Low Risk
102,27,143033.72,527,41018.46,36,27.9,6,0,39645.4,3304.71,0.2868,West,High School,Married,0,Low Risk
103,42,141007.37,643,39777.65,24,1.6,7,1,75884.12,4018.33,0.2821,North,High School,Single,1,Medium Risk
104,31,91344.55,840,21739.48,36,7.5,1,0,23843.95,5292.14,0.238,West,High School,Single,1,Low Risk
105,56,22136.6,827,29177.33,24,9.1,0,0,61480.96,2304.23,1.3181,West,Bachelor,Divorced,0,Low Risk
106,45,28798.31,838,27660.02,60,16.8,6,3,4353.44,3401.61,0.9605,East,Master,Divorced,0,Medium Risk
107,26,64824.32,406,38803.57,36,4.4,5,2,81350.89,1813.17,0.5986,West,PhD,Divorced,0,High Risk
108,26,113085.86,768,2812.21,24,1.8,3,0,31559.58,2825.57,0.0249,West,PhD,Married,0,Low Risk
109,34,57194.42,348,43424.12,36,8.6,5,3,88948.65,6074.81,0.7592,West,Master,Single,1,Medium Risk
110,53,67755.1,831,14069.31,12,21.9,1,1,60245.33,6667.56,0.2076,East,Master,Single,0,Low Risk
111,64,58433.19,756,30528.46,48,5.4,7,2,44712.97,5951.11,0.5225,East,PhD,Married,0,Medium Risk
112,64,102876.63,672,26141.21,24,28.6,2,2,67808.89,3786.3,0.2541,South,High School,Single,1,Low Risk
113,46,143430.72,333,30649.65,48,28.5,5,3,76308.45,4804.41,0.2137,East,PhD,Married,1,Medium Risk
114,29,23368.73,490,25453.15,48,27.4,1,1,77496.45,5780.28,1.0892,South,Master,Divorced,1,High Risk
115,29,37644.69,375,23150.09,48,29.9,10,2,66783.98,5821.55,0.615,East,Master,Single,0,High Risk
116,54,49151.41,505,39811.22,24,23.8,0,0,36089.65,4792.08,0.81,West,Bachelor,Divorced,0,Medium Risk
117,41,71760.8,790,26759.09,48,24.8,1,0,97237.97,5317.54,0.3729,West,PhD,Divorced,1,Low Risk
118,57,103173.21,486,38621.3,24,13.3,0,0,83139.08,4385.77,0.3743,East,Bachelor,Single,1,Low Risk
119,36,64983.0,831,44851.37,12,7.9,10,2,12517.03,2771.18,0.6902,North,Bachelor,Divorced,0,Medium Risk
120,64,101182.29,645,42283.97,60,1.7,0,0,8122.29,7614.1,0.4179,East,Bachelor,Divorced,1,Low Risk
121,62,23937.17,596,32453.46,36,14.7,10,3,29743.39,1047.3,1.3558,North,Bachelor,Married,1,High Risk
122,51,46522.99,447,16316.54,36,22.2,5,3,13076.62,3279.05,0.3507,North,Master,Single,1,High Risk
123,39,78447.48,444,5743.77,36,28.4,9,3,24827.03,6989.81,0.0732,South,Master,Divorced,1,Medium Risk
124,32,84774.52,827,23873.94,36,15.2,1,1,50544.45,7750.15,0.2816,South,Master,Single,0,Low Risk
125,53,97677.44,781,15001.67,12,25.5,6,1,88245.57,5956.31,0.1536,West,Master,Single,1,Low Risk
126,58,93036.19,671,28107.92,12,11.9,7,2,82531.13,5174.31,0.3021,North,Bachelor,Single,1,Medium Risk
127,43,92518.14,674,37993.29,24,18.3,6,0,4530.34,1527.77,0.4107,East,PhD,Divorced,1,Medium Risk
128,60,136107.12,443,17070.33,60,9.9,6,2,59372.47,4304.86,0.1254,West,Master,Married,0,Medium Risk
129,43,107594.83,726,29601.4,12,18.1,4,1,72140.01,4876.42,0.2751,South,PhD,Single,0,Low Risk
130,58,143266.67,412,10348.43,48,9.8,2,1,69050.03,3577.83,0.0722,West,High School,Divorced,0,Low Risk
131,35,92915.28,789,26748.38,36,28.7,7,2,54627.32,5569.01,0.2879,East,PhD,Single,0,Low Risk
132,57,58804.89,604,38787.54,24,20.9,7,2,47980.34,4703.66,0.6596,East,Master,Single,1,Medium Risk
133,44,144099.15,449,15232.18,36,28.7,1,1,92400.96,5419.79,0.1057,West,Bachelor,Single,1,Low Risk
134,39,37845.48,545,12880.44,60,7.2,3,0,10019.8,2977.2,0.3403,West,High School,Divorced,0,Medium Risk
135,57,147128.39,461,20938.47,48,14.6,3,2,32116.77,5344.23,0.1423,North,Bachelor,Divorced,0,Medium Risk
136,48,134691.85,480,46762.21,12,29.9,6,3,18631.16,6117.52,0.3472,East,High School,Single,1,Medium Risk
137,60,33949.09,643,14943.52,60,16.0,2,2,46802.08,1946.09,0.4402,North,Master,Single,1,Medium Risk
138,38,113417.76,314,37094.28,36,17.2,3,1,61095.45,5290.44,0.3271,West,PhD,Divorced,1,Medium Risk
139,47,107003.26,489,49102.57,48,10.0,3,0,26078.53,2266.41,0.4589,East,Master,Married,0,Low Risk
140,63,66741.77,541,4044.09,12,14.2,2,1,68607.36,7423.3,0.0606,East,High School,Divorced,1,Medium Risk
141,61,48710.4,436,24430.91,48,22.6,9,2,41584.56,4619.26,0.5016,West,Bachelor,Single,0,Medium Risk
142,50,88662.51,670,4827.03,60,3.8,8,1,57270.17,1623.89,0.0544,East,PhD,Single,0,Low Risk
143,59,83547.64,822,22828.65,12,13.9,8,3,45679.85,933.03,0.2732,West,Master,Divorced,0,Low Risk
144,38,126138.92,523,29337.25,12,13.0,1,0,93458.28,1017.64,0.2326,West,High School,Married,1,Low Risk
145,30,119557.6,730,19348.59,48,13.7,6,3,8025.0,7731.08,0.1618,South,Master,Single,0,Low Risk
146,47,88749.53,528,41906.26,12,29.4,7,3,53193.36,6675.2,0.4722,South,PhD,Married,0,Medium Risk
147,34,141863.35,415,2578.65,48,18.6,0,0,24066.63,1004.68,0.0182,North,PhD,Divorced,0,Low Risk
148,24,72294.5,539,27448.23,12,4.6,4,1,81578.63,5986.38,0.3797,East,Master,Single,1,Medium Risk
149,64,87762.64,723,15724.55,12,16.9,9,1,62599.31,3704.0,0.1792,West,High School,Married,1,Low Risk
150,42,110520.09,718,8311.66,48,5.9,8,3,24096.82,2190.08,0.0752,South,PhD,Single,1,Low Risk
151,57,88898.94,697,12900.07,24,10.2,1,1,84713.34,1193.48,0.1451,South,High School,Married,1,Low Risk
152,60,98379.87,374,10220.0,60,21.9,8,1,47939.42,7021.05,0.1039,East,Master,Single,0,Medium Risk
153,29,117094.3,790,45807.62,60,21.3,6,1,55207.93,6316.35,0.3912,West,PhD,Divorced,1,Low Risk
154,38,66753.8,809,23834.2,48,23.0,5,1,37070.49,3604.48,0.357,South,Bachelor,Single,1,Low Risk
155,59,95288.58,727,15464.42,24,10.2,6,1,49930.15,5409.56,0.1623,East,Master,Married,1,Low Risk
156,32,115260.39,660,9294.02,60,14.9,8,0,52394.44,6793.01,0.0806,North,High School,Single,1,Low Risk
157,62,50086.34,454,1447.93,60,14.0,0,0,61783.52,5500.66,0.0289,West,PhD,Single,0,Low Risk
158,57,73474.01,317,26941.46,36,16.3,4,0,50221.6,5733.94,0.3667,West,Bachelor,Single,0,Low Risk
159,31,51325.95,839,13368.49,36,8.4,6,0,37305.16,3545.21,0.2605,South,Bachelor,Married,0,Low Risk
160,63,118746.16,395,20858.64,48,16.8,0,0,63674.81,5771.34,0.1757,North,PhD,Married,1,Low Risk
161,28,136322.86,343,12258.56,60,14.5,0,0,92415.93,5633.22,0.0899,East,High School,Single,1,Low Risk
162,35,96314.69,707,46514.87,36,5.3,3,3,67703.5,4554.22,0.4829,West,Bachelor,Divorced,0,Low Risk
163,44,26980.54,747,12375.06,12,10.5,9,3,96892.05,2947.82,0.4587,East,PhD,Married,0,Medium Risk
164,57,142348.57,742,10101.15,60,20.0,1,1,79805.52,5848.31,0.071,North,Master,Single,1,Low Risk
165,62,40056.0,698,16517.23,12,3.2,4,3,35991.75,2523.25,0.4124,South,High School,Single,1,Medium Risk
166,57,92116.2,717,6061.35,12,10.9,1,1,86371.82,592.55,0.0658,West,PhD,Single,0,Low Risk
167,55,42045.78,689,9305.59,36,9.4,7,1,6326.72,3760.07,0.2213,West,Master,Married,0,Medium Risk
168,38,142748.9,807,30096.51,24,14.0,2,1,676.74,3467.69,0.2108,West,Master,Married,1,Low Risk
169,63,146649.3,439,15721.33,60,28.4,3,3,31418.33,7734.31,0.1072,East,Master,Divorced,1,Low Risk
170,37,62365.21,587,41008.23,48,11.3,9,1,59222.7,4592.22,0.6575,North,PhD,Divorced,0,Medium Risk
171,40,128066.64,370,41129.31,48,20.4,2,2,30283.26,2395.11,0.3212,South,PhD,Married,0,Medium Risk
172,60,82300.51,710,27184.0,48,16.5,5,0,10936.94,2361.73,0.3303,East,Bachelor,Divorced,0,Low Risk
173,63,108071.35,709,48373.75,36,29.0,6,0,1054.78,2440.54,0.4476,South,PhD,Married,1,Low Risk
174,65,96516.69,812,8386.5,12,14.7,4,3,92054.75,1143.91,0.0869,South,Master,Married,1,Low Risk
175,35,87744.93,656,24331.96,48,21.8,7,2,6717.43,835.12,0.2773,North,High School,Married,0,Low Risk
176,32,140889.92,549,26283.7,60,5.2,8,3,95846.26,2238.92,0.1866,West,Bachelor,Single,1,Medium Risk
177,23,115860.49,502,23029.18,48,12.0,3,1,27834.48,5778.2,0.1988,North,High School,Divorced,0,Medium Risk
178,42,45619.66,416,13855.32,48,16.1,10,2,59697.08,5084.81,0.3037,North,Master,Married,1,Medium Risk
179,33,125785.97,604,46015.45,60,3.0,2,1,11786.17,2790.35,0.3658,South,Master,Divorced,0,Low Risk
180,46,74371.08,441,29165.5,48,6.0,10,1,55491.26,4172.32,0.3922,South,Bachelor,Married,1,Medium Risk
181,25,132517.89,309,24745.84,24,24.5,8,3,40913.43,4187.94,0.1867,West,PhD,Single,0,Low Risk
182,23,123464.52,525,15312.41,36,7.1,4,1,78074.02,4742.38,0.124,West,High School,Divorced,0,Medium Risk
183,56,127026.77,675,27560.13,12,22.9,7,1,98977.57,1268.12,0.217,South,Master,Single,1,Low Risk
184,44,132085.95,389,22514.43,12,23.4,3,1,81070.27,4909.43,0.1705,East,PhD,Single,0,Medium Risk
185,35,124707.26,659,27081.76,60,16.4,5,2,28933.32,2505.07,0.2172,North,Bachelor,Married,0,Low Risk
186,63,36495.46,435,13234.18,36,24.9,10,3,48945.87,4830.69,0.3626,East,PhD,Married,1,High Risk
187,62,123297.82,395,20739.69,36,21.0,5,3,95025.41,2954.67,0.1682,North,High School,Divorced,1,Low Risk
188,64,110647.57,364,39988.22,48,6.9,6,1,49471.49,2921.49,0.3614,East,Master,Divorced,0,Medium Risk
189,53,122479.47,349,3251.2,48,1.0,2,1,45651.81,7938.79,0.0265,West,Bachelor,Divorced,0,Medium Risk
190,41,40667.07,580,5573.66,36,7.9,5,1,5178.73,5192.03,0.1371,South,PhD,Divorced,0,Low Risk
191,28,20141.22,788,4819.0,60,7.2,10,3,928.69,5716.98,0.2393,North,PhD,Divorced,0,Medium Risk
192,26,49763.09,391,36807.41,12,3.5,5,2,13712.93,6300.95,0.7397,South,Bachelor,Single,0,Medium Risk
193,63,41335.15,659,36399.17,24,27.6,9,3,85996.25,1150.16,0.8806,North,Bachelor,Single,1,Medium Risk
194,49,60885.48,443,13141.53,12,7.8,9,2,77896.97,5678.57,0.2158,East,Bachelor,Divorced,0,Low Risk
195,47,58420.47,355,39406.28,24,15.1,1,0,49958.25,4954.47,0.6745,North,Master,Married,0,Medium Risk
196,58,74712.26,476,38373.57,12,1.0,1,0,26218.53,798.7,0.5136,North,PhD,Divorced,1,Medium Risk
197,54,119724.3,733,35388.72,12,19.4,8,1,27746.77,2824.3,0.2956,South,Bachelor,Divorced,1,Low Risk
198,59,102458.25,367,16198.31,48,22.0,3,0,24447.98,7434.71,0.1581,North,PhD,Divorced,0,Low Risk
199,64,116420.16,479,6852.71,24,21.2,2,1,95301.62,4422.54,0.0589,East,Bachelor,Married,0,Low Risk
200,39,115281.66,420,38800.08,12,10.4,6,2,52385.42,2472.12,0.3366,North,PhD,Married,1,Medium Risk
201,53,131716.77,470,19016.7,36,23.3,9,0,22840.44,4316.19,0.1444,North,High School,Single,0,Low Risk
202,45,69787.33,453,9769.09,12,16.8,10,3,22451.53,2361.97,0.14,East,Master,Single,1,Medium Risk
203,54,107532.34,353,9787.87,60,29.5,6,0,87699.12,6995.24,0.091,East,Master,Single,1,Low Risk
204,45,46087.25,611,37239.22,24,14.2,9,3,99778.71,6319.14,0.808,South,Bachelor,Single,1,High Risk
205,36,90400.88,309,47598.52,12,22.9,6,2,10394.9,4473.61,0.5265,South,PhD,Married,0,High Risk
206,39,32093.46,537,44967.09,60,12.7,5,3,97455.48,1136.77,1.4011,North,Bachelor,Divorced,1,High Risk
207,59,93816.69,745,33459.75,24,7.5,4,2,92604.2,3447.15,0.3567,East,Master,Married,1,Low Risk
208,26,142662.11,439,39216.91,60,3.7,1,0,44956.67,2855.25,0.2749,North,Master,Single,1,Low Risk
209,51,54451.03,422,5430.62,36,24.9,9,0,21502.08,6924.3,0.0997,South,High School,Divorced,0,Low Risk
210,47,86749.76,606,13748.17,24,1.4,6,3,55595.38,4625.91,0.1585,North,PhD,Single,0,Medium Risk
211,22,28016.99,527,7405.05,48,11.5,10,0,58232.38,2441.15,0.2643,North,High School,Single,0,Low Risk
212,50,125208.83,394,45348.82,36,4.1,7,0,16798.92,4804.13,0.3622,West,PhD,Single,1,Low Risk
213,49,42464.94,519,45506.91,36,8.8,2,0,61410.66,5127.33,1.0716,East,PhD,Married,1,Medium Risk
214,27,56370.88,440,21542.51,60,7.8,8,0,98940.36,6364.37,0.3822,East,PhD,Divorced,1,Medium Risk
215,58,85311.12,697,14251.35,12,9.9,3,0,89576.48,6339.04,0.1671,North,PhD,Divorced,1,Low Risk
216,36,146617.38,402,13145.0,24,8.4,0,0,76404.97,7608.52,0.0897,West,Master,Single,0,Low Risk
217,59,61340.57,667,45785.02,12,21.3,5,1,56310.89,1911.75,0.7464,West,Master,Single,1,Medium Risk
218,27,27301.84,524,1976.47,48,0.5,9,1,80644.54,3055.69,0.0724,South,Master,Single,0,High Risk
219,59,111610.52,445,38943.96,60,25.9,1,1,70453.8,5466.05,0.3489,North,Master,Married,1,Medium Risk
220,32,115205.76,747,39800.28,48,19.7,2,2,96874.29,5701.7,0.3455,East,Bachelor,Divorced,0,Low Risk
221,41,115419.35,601,7240.07,12,28.5,9,3,85075.7,6281.23,0.0627,North,Bachelor,Divorced,1,Low Risk
222,36,103154.08,406,46897.7,24,10.3,1,0,34681.01,2896.39,0.4546,North,Master,Married,0,Low Risk
223,35,52440.31,369,18173.58,12,21.8,0,0,38593.71,5994.38,0.3466,South,PhD,Married,1,Medium Risk
224,56,68795.18,790,39647.77,60,19.7,10,1,16265.65,1052.82,0.5763,North,Master,Single,1,Low Risk
225,28,29646.05,474,44508.63,24,22.1,8,0,33795.06,7889.57,1.5013,West,High School,Married,0,Medium Risk
226,49,40423.49,403,17223.63,24,12.6,8,2,66059.79,2730.5,0.4261,North,High School,Married,1,High Risk
227,25,66907.76,737,5293.79,60,14.7,1,0,20695.3,5286.43,0.0791,North,PhD,Single,1,Low Risk
228,52,83582.59,571,5465.71,60,11.9,5,3,36940.17,3843.31,0.0654,East,PhD,Married,1,Medium Risk
229,39,93352.06,454,37859.52,12,3.0,5,3,97070.55,4922.95,0.4056,North,PhD,Divorced,1,Medium Risk
230,65,132696.22,786,29063.0,24,14.5,1,1,90277.72,5857.29,0.219,South,High School,Married,0,Low Risk
231,35,125099.89,429,3091.12,12,29.7,6,1,99726.92,5204.2,0.0247,East,Master,Divorced,0,Medium Risk
232,46,92327.35,633,42974.58,60,14.0,0,0,78655.06,5172.93,0.4655,West,High School,Married,0,Low Risk
233,58,96431.44,402,46321.48,60,23.5,4,2,87789.36,2481.02,0.4804,West,PhD,Single,0,Medium Risk
234,47,38700.85,711,2900.34,36,20.9,0,0,74574.98,7406.26,0.0749,East,High School,Married,1,Low Risk
235,39,129570.05,400,48652.34,24,4.5,7,2,26942.0,3625.8,0.3755,North,Bachelor,Married,0,Medium Risk
236,53,118734.13,682,41229.85,60,23.8,1,1,70956.94,3525.39,0.3472,North,Bachelor,Single,0,Medium Risk
237,37,24299.24,351,45983.52,24,8.6,7,3,63540.98,1429.05,1.8924,North,Bachelor,Married,1,High Risk
238,50,43085.88,785,29757.13,36,10.7,4,0,28506.94,3399.24,0.6906,South,Bachelor,Single,0,Low Risk
239,35,54980.87,719,26150.78,12,14.5,2,2,17320.07,6506.49,0.4756,South,Master,Divorced,1,Low Risk
240,63,55799.21,685,42727.72,48,7.9,7,2,67719.62,6682.33,0.7657,West,High School,Single,1,Medium Risk
241,63,97190.43,589,15625.32,12,14.7,5,2,64059.47,6961.19,0.1608,East,Master,Single,0,Low Risk
242,37,136959.32,713,33365.99,24,21.8,10,3,99746.91,2445.7,0.2436,West,PhD,Married,0,Low Risk
243,58,126081.91,651,36600.94,24,20.7,10,3,90652.65,5539.01,0.2903,East,Bachelor,Divorced,0,Low Risk
244,28,81201.51,564,36534.15,60,23.0,2,2,89959.12,5408.26,0.4499,South,Master,Single,1,Medium Risk
245,43,68318.72,601,23724.27,12,14.4,10,0,47221.97,1959.08,0.3473,North,PhD,Divorced,1,Low Risk
246,25,133210.39,454,7730.9,24,10.6,9,3,14322.42,6967.95,0.058,South,High School,Married,1,Low Risk
247,33,60743.83,359,1230.96,36,6.7,2,2,76448.37,4171.83,0.0203,North,Bachelor,Divorced,1,Low Risk
248,49,72441.15,788,19782.5,12,16.2,5,0,89200.64,6176.36,0.2731,South,High School,Divorced,0,Low Risk
249,37,49414.54,652,16292.52,12,11.8,9,2,16702.02,6678.83,0.3297,East,Master,Married,1,Medium Risk
250,65,149411.41,650,49810.81,48,11.1,3,1,94808.44,7386.54,0.3334,West,High School,Single,0,Low Risk
251,30,47454.73,322,29894.95,24,4.1,10,0,37519.24,5302.41,0.63,North,High School,Divorced,0,Medium Risk
252,23,26270.56,418,21422.0,48,4.1,4,3,70186.82,2041.21,0.8154,North,Master,Married,0,High Risk
253,55,55097.03,440,21522.46,12,15.6,9,0,28270.68,6385.7,0.3906,West,Bachelor,Divorced,0,Medium Risk
254,55,146505.56,666,35468.4,36,5.2,8,3,91035.66,5661.53,0.2421,West,Master,Single,0,Medium Risk
255,64,31570.37,413,41926.38,48,4.9,1,0,72356.36,1259.68,1.328,East,Bachelor,Married,1,Medium Risk
256,51,26510.43,478,43832.88,36,11.1,10,2,42599.52,1369.26,1.6534,North,High School,Single,0,High Risk
257,44,136288.59,574,44045.3,12,11.5,5,1,11383.2,3501.88,0.3232,West,Master,Married,1,Medium Risk
258,63,135196.11,470,6539.77,12,29.5,2,0,41602.77,4930.63,0.0484,West,Bachelor,Divorced,1,Low Risk
259,61,23746.11,433,24670.9,48,3.8,6,3,4597.23,2462.1,1.0389,East,High School,Divorced,0,High Risk
260,43,87482.96,397,22209.55,24,14.7,10,3,14865.45,6698.28,0.2539,North,High School,Divorced,0,Low Risk
261,52,130743.25,469,4668.4,48,10.0,5,2,5035.07,2170.3,0.0357,West,PhD,Single,0,Medium Risk
262,50,124163.97,758,5312.97,48,13.7,1,1,74523.9,633.27,0.0428,West,PhD,Single,0,Low Risk
263,60,145212.26,611,44615.43,60,6.6,10,3,95035.51,3225.07,0.3072,North,Bachelor,Married,1,Low Risk
264,61,97993.65,672,36079.76,12,3.4,10,1,219.69,3163.54,0.3682,East,Master,Divorced,0,Medium Risk
265,32,84014.88,719,6241.11,60,6.3,1,1,21558.95,6684.16,0.0743,South,Master,Single,1,Low Risk
266,62,128870.61,426,38835.11,48,14.0,9,1,96385.48,532.53,0.3013,North,PhD,Divorced,1,Medium Risk
267,33,109936.3,477,36794.24,24,3.6,10,2,50411.01,3384.97,0.3347,South,Master,Married,1,Medium Risk
268,50,124623.59,441,21224.53,60,9.3,8,2,71187.44,7516.34,0.1703,South,Bachelor,Single,1,Low Risk
269,44,139754.93,435,49085.44,24,15.4,10,2,71035.27,6205.81,0.3512,West,PhD,Divorced,1,Medium Risk
270,22,87954.9,325,19662.65,12,20.3,3,2,75018.5,1707.02,0.2236,East,Master,Single,0,Low Risk
271,40,46520.12,333,18575.44,48,3.5,10,1,74241.27,4709.53,0.3993,South,Master,Divorced,0,Medium Risk
272,46,74153.61,620,48325.83,12,0.9,4,1,62056.17,6356.94,0.6517,West,Bachelor,Divorced,1,Medium Risk
273,56,115998.5,501,39031.19,24,9.2,2,2,7446.9,7718.56,0.3365,North,PhD,Single,1,Medium Risk
274,57,54351.15,464,29615.32,36,0.7,7,1,3994.06,7464.71,0.5449,North,Master,Married,1,High Risk
275,42,88301.36,488,26509.71,60,5.2,8,3,9194.56,2158.99,0.3002,South,Master,Married,1,Medium Risk
276,35,143540.08,843,24268.0,60,24.8,10,0,11472.2,3095.05,0.1691,South,Bachelor,Single,1,Low Risk
277,29,70163.87,589,2210.58,60,24.8,5,3,48680.47,2723.25,0.0315,South,Master,Divorced,0,Medium Risk
278,32,146311.74,850,27127.09,12,6.7,10,1,86495.09,3681.57,0.1854,North,Bachelor,Divorced,1,Low Risk
279,26,117095.81,457,2163.89,36,1.6,1,0,17799.22,2389.31,0.0185,North,Bachelor,Married,1,Low Risk
280,50,101928.24,743,16503.81,48,20.4,8,0,64142.27,5137.62,0.1619,North,High School,Married,0,Low Risk
281,65,59175.59,388,14794.35,48,11.8,10,0,47398.77,4501.01,0.25,South,PhD,Divorced,1,Low Risk
282,31,58747.35,682,47912.19,12,16.8,8,1,12323.52,537.72,0.8156,West,High School,Married,0,Medium Risk
283,44,47525.8,824,7980.3,24,7.0,4,1,11462.25,5532.33,0.1679,North,PhD,Divorced,0,Low Risk
284,64,28757.16,400,10673.46,60,14.9,5,2,12821.51,5416.05,0.3712,North,Master,Divorced,0,High Risk
285,42,83161.96,636,31200.78,36,21.0,2,2,56686.19,6557.75,0.3752,West,Bachelor,Single,1,Medium Risk
286,36,112585.89,746,14557.31,36,4.5,5,3,46284.84,3190.56,0.1293,East,PhD,Divorced,0,Low Risk
287,63,98861.6,587,43076.97,24,26.8,3,2,73354.46,5199.64,0.4357,North,High School,Divorced,0,Low Risk
288,59,72667.48,517,45408.88,60,8.2,8,3,65390.81,1614.75,0.6249,West,Bachelor,Divorced,1,High Risk
289,51,85146.01,392,20442.47,60,0.8,3,1,75720.61,1552.78,0.2401,South,Bachelor,Divorced,0,Medium Risk
290,52,142092.78,341,11722.14,48,7.3,4,2,23401.87,5514.39,0.0825,East,PhD,Married,1,Medium Risk
291,24,147476.67,631,6058.03,60,19.2,4,2,57863.14,4776.2,0.0411,West,PhD,Married,0,Low Risk
292,38,68922.74,528,26302.22,36,24.6,5,3,79265.75,7153.79,0.3816,North,Bachelor,Married,0,Medium Risk
293,26,86890.37,587,11364.34,24,5.1,9,0,66110.96,3609.6,0.1308,East,High School,Married,1,Low Risk
294,35,96802.82,720,2099.86,12,4.3,9,1,13472.4,4344.82,0.0217,South,High School,Single,1,Low Risk
295,55,144570.98,319,44046.94,36,28.4,3,3,60652.59,4035.6,0.3047,West,Bachelor,Single,1,Medium Risk
296,31,123300.09,486,31537.38,60,8.3,10,2,92235.19,4974.0,0.2558,North,Bachelor,Married,1,Medium Risk
297,28,22153.14,835,43119.99,60,20.7,2,2,9629.86,4069.02,1.9465,North,High School,Single,1,Medium Risk
298,30,137258.02,301,44951.48,48,15.9,5,0,69764.28,3717.17,0.3275,West,PhD,Married,0,Low Risk
299,30,53087.34,538,45594.18,12,8.9,8,3,25780.5,541.02,0.8589,North,High School,Divorced,0,High Risk
300,63,46704.43,623,21033.41,12,5.1,10,2,26130.29,4520.79,0.4504,East,Master,Divorced,1,Medium Risk
301,48,91773.64,794,9757.26,60,16.9,4,2,57765.12,6306.46,0.1063,West,Bachelor,Divorced,0,Low Risk
302,36,78057.33,465,5913.65,60,12.3,5,0,16073.8,7734.28,0.0758,North,High School,Single,1,Low Risk
303,49,31458.29,569,11866.74,12,18.5,6,3,61396.56,4407.54,0.3772,North,Bachelor,Divorced,1,High Risk
304,22,46221.94,830,15014.32,12,23.6,8,1,61519.0,5555.18,0.3248,East,Bachelor,Divorced,0,Medium Risk
305,27,149586.23,709,18303.26,48,12.5,3,0,73692.55,1014.63,0.1224,North,Master,Divorced,1,Low Risk
306,39,49418.42,499,23283.19,48,17.5,4,1,40713.46,1298.49,0.4711,North,Master,Married,0,Medium Risk
307,38,133894.7,556,35015.4,48,17.1,3,2,96123.87,3941.36,0.2615,West,High School,Married,0,Medium Risk
308,26,69747.52,525,34168.74,24,24.1,6,2,51650.42,572.92,0.4899,East,Bachelor,Married,0,Medium Risk
309,65,117342.46,650,4725.41,24,14.6,5,1,89431.63,2518.07,0.0403,South,PhD,Divorced,0,Medium Risk
310,37,133456.52,511,12231.17,24,25.2,5,1,77893.85,1399.09,0.0916,North,PhD,Divorced,0,Low Risk
311,24,130241.38,680,31412.71,48,27.0,9,2,49080.54,7882.96,0.2412,East,PhD,Single,0,Medium Risk
312,55,123905.09,789,47043.07,12,15.3,6,1,45719.6,1402.76,0.3797,West,Master,Divorced,0,Low Risk
313,65,47397.81,403,16946.37,60,25.9,2,2,26284.9,2520.56,0.3575,East,Master,Single,1,Medium Risk
314,35,74482.08,681,18888.82,48,8.7,2,2,13113.92,4819.2,0.2536,South,High School,Divorced,1,Medium Risk
315,57,76188.44,690,10607.1,24,14.5,0,0,17660.73,4246.98,0.1392,East,PhD,Married,1,Low Risk
316,58,26202.21,401,34836.62,12,6.9,4,3,83897.17,1222.26,1.3295,East,Master,Married,1,High Risk
317,57,141139.79,563,17862.87,48,4.1,10,1,57685.38,5373.99,0.1266,South,Master,Married,1,Low Risk
318,54,83374.19,757,44591.99,48,18.6,7,1,86825.77,5304.35,0.5348,East,PhD,Divorced,1,Medium Risk
319,27,41059.93,533,16360.62,36,21.5,9,3,27124.81,3836.74,0.3985,East,PhD,Married,0,High Risk
320,23,36255.19,540,33439.1,12,6.7,6,0,9555.37,7525.95,0.9223,West,High School,Single,1,Medium Risk
321,27,33510.69,459,5131.25,48,9.6,3,2,44316.04,1448.09,0.1531,South,High School,Single,1,Medium Risk
322,52,80735.15,578,27878.72,24,29.1,8,1,59083.09,3924.08,0.3453,West,Master,Married,1,Medium Risk
323,36,124612.01,752,16085.54,48,8.2,4,0,9.23,6615.35,0.1291,South,Master,Married,1,Low Risk
324,22,109410.1,803,47400.92,48,9.3,6,2,59700.38,6475.76,0.4332,East,Bachelor,Married,1,Low Risk
325,37,41225.03,699,41592.92,24,8.3,6,1,51661.01,6499.69,1.0089,East,Master,Divorced,1,Medium Risk
326,34,130952.66,486,7694.58,12,19.3,9,3,27213.41,5170.65,0.0588,South,Master,Single,0,Medium Risk
327,56,22877.02,404,14823.61,24,21.6,0,0,23281.05,1630.13,0.648,West,Bachelor,Married,1,Medium Risk
328,53,149735.25,774,35149.81,12,10.2,2,0,26650.36,3443.16,0.2347,West,Bachelor,Single,1,Low Risk
329,22,35855.0,554,19855.1,48,7.8,0,0,19917.99,6014.92,0.5538,North,Bachelor,Married,1,Medium Risk
330,41,141707.98,462,31829.05,12,22.5,8,0,25331.27,5288.9,0.2246,South,Master,Single,0,Low Risk
331,37,102278.17,632,1738.32,36,17.7,6,1,892.99,814.95,0.017,West,Bachelor,Married,0,Medium Risk
332,32,84989.5,646,46611.59,12,2.3,10,1,70132.81,6436.0,0.5484,South,PhD,Single,1,Medium Risk
333,63,118370.68,749,36926.25,12,20.8,5,1,25069.62,796.16,0.312,West,Master,Divorced,1,Low Risk
334,58,44261.47,656,16860.36,48,8.6,9,1,6887.66,1662.69,0.3809,East,Master,Divorced,1,Medium Risk
335,22,120869.33,818,19573.13,24,26.5,9,2,77601.66,2290.9,0.1619,North,PhD,Single,1,Low Risk
336,31,99695.1,630,21080.42,36,3.8,8,0,4377.73,7533.5,0.2114,South,High School,Single,0,Low Risk
337,34,32837.97,697,33238.14,60,18.9,9,2,4908.56,2155.42,1.0122,North,High School,Single,1,High Risk
338,51,124132.59,362,18685.38,48,24.7,0,0,82364.3,2493.62,0.1505,North,High School,Married,0,Low Risk
339,55,32625.5,536,27051.39,24,6.2,10,1,57002.77,7606.28,0.8291,West,High School,Divorced,1,High Risk
340,51,111331.55,737,44258.38,24,23.9,8,3,50469.28,5431.49,0.3975,West,Master,Married,1,Low Risk
341,48,119343.97,740,41481.59,36,18.4,9,1,37506.31,4626.79,0.3476,East,Master,Married,1,Low Risk
342,22,114420.73,591,30192.38,60,4.5,4,0,30033.4,2164.15,0.2639,East,High School,Divorced,1,Low Risk
343,54,92322.0,458,5620.07,48,11.0,2,1,36708.29,4866.17,0.0609,South,Master,Married,0,Low Risk
344,47,93978.44,522,36979.03,36,23.9,2,1,82570.52,5671.96,0.3935,North,Master,Single,1,Medium Risk
345,25,139843.29,642,18048.58,48,12.8,1,0,74767.87,6871.09,0.1291,North,PhD,Single,1,Low Risk
346,24,61511.15,453,17014.75,24,5.0,10,3,97104.02,6146.3,0.2766,North,Bachelor,Married,1,Medium Risk
347,31,37184.58,384,24316.88,12,16.7,4,0,39852.7,3758.68,0.654,South,Bachelor,Married,0,Medium Risk
348,47,104792.3,500,28497.21,60,7.8,1,1,77677.19,2925.59,0.2719,North,High School,Divorced,1,Medium Risk
349,45,65280.02,628,17881.72,12,23.2,2,1,61622.1,7926.19,0.2739,West,Bachelor,Married,0,Medium Risk
350,34,109096.7,459,38128.96,12,3.8,0,0,24304.83,5157.52,0.3495,South,Master,Single,1,Low Risk
351,29,59665.35,782,2114.66,24,22.3,3,1,54642.42,6127.66,0.0354,West,Bachelor,Divorced,0,Low Risk
352,59,137785.24,839,3130.62,24,2.3,3,2,5308.52,5410.68,0.0227,North,High School,Married,1,Low Risk
353,64,66828.49,410,1934.84,48,7.3,6,0,90387.21,4134.97,0.029,North,Bachelor,Single,1,Low Risk
354,23,25167.81,842,15941.45,48,12.1,2,0,34677.99,3139.35,0.6334,East,Bachelor,Divorced,1,Medium Risk
355,62,53498.32,696,44629.7,12,28.4,4,1,15170.82,7228.81,0.8342,South,High School,Divorced,1,Medium Risk
356,65,99618.29,532,21449.33,60,5.0,4,2,44916.92,1488.29,0.2153,South,Bachelor,Single,1,Low Risk
357,55,138243.15,740,49788.6,24,19.9,9,1,31749.62,4680.05,0.3602,North,Bachelor,Married,0,Low Risk
358,23,119506.55,723,48098.61,36,13.6,10,2,15195.71,1909.5,0.4025,South,Bachelor,Single,1,Low Risk
359,58,99607.06,537,12314.71,12,11.1,7,1,50232.46,5035.34,0.1236,East,Bachelor,Married,1,Medium Risk
360,30,41292.23,531,2579.25,12,27.8,6,1,74236.67,7911.83,0.0625,South,High School,Single,1,Medium Risk
361,53,109422.15,768,44491.76,48,12.4,0,0,60793.0,6682.46,0.4066,East,PhD,Divorced,0,Low Risk
362,28,78709.25,343,44011.22,24,15.8,6,0,55770.09,4370.95,0.5592,North,Bachelor,Married,1,Medium Risk
363,41,120578.01,592,23606.01,48,9.2,0,0,68995.3,7277.57,0.1958,West,PhD,Single,0,Low Risk
364,59,141919.52,438,20260.27,36,13.8,2,1,59031.55,5844.76,0.1428,South,PhD,Single,1,Medium Risk
365,63,137931.12,467,36200.36,12,3.2,7,2,8530.65,5804.59,0.2625,South,PhD,Divorced,1,Medium Risk
366,32,138592.86,453,8944.08,24,5.8,0,0,41958.17,2821.39,0.0645,West,Master,Divorced,0,Low Risk
367,30,144856.4,303,31505.46,36,0.9,7,3,54350.12,543.13,0.2175,West,Bachelor,Single,1,Medium Risk
368,48,77443.8,306,12990.95,60,8.7,10,1,4891.88,1611.92,0.1677,East,High School,Single,0,Low Risk
369,58,128941.88,605,17224.44,12,1.9,6,1,16133.52,2632.85,0.1336,South,PhD,Divorced,1,Medium Risk
370,27,119906.56,630,19059.9,48,24.7,6,0,29283.27,1509.09,0.159,East,Master,Divorced,1,Low Risk
371,35,110457.83,359,6355.81,60,29.6,7,2,42705.36,6858.48,0.0575,East,Master,Single,1,Low Risk
372,62,84706.34,484,44299.52,24,21.4,3,0,11820.71,3986.64,0.523,North,Bachelor,Divorced,1,Medium Risk
373,24,63392.99,517,1553.57,24,20.9,4,0,30777.25,4300.17,0.0245,East,High School,Single,1,Low Risk
374,47,114171.56,329,41770.1,24,10.3,5,3,91616.31,6479.41,0.3659,South,PhD,Single,1,Medium Risk
375,43,80121.11,723,46461.71,12,25.1,4,2,55517.72,640.39,0.5799,East,Master,Single,0,Low Risk
376,23,64089.81,684,31699.03,24,17.3,6,1,59519.19,6984.45,0.4946,East,Master,Divorced,0,Medium Risk
377,48,31283.71,543,19207.6,36,6.9,4,1,11223.13,6387.08,0.614,South,High School,Married,0,High Risk
378,54,40030.11,648,46258.2,60,9.7,5,1,76948.14,1236.89,1.1556,South,Bachelor,Divorced,0,Medium Risk
379,46,112778.06,834,6675.96,36,28.0,10,0,33328.98,7168.89,0.0592,North,Master,Single,1,Low Risk
380,35,61714.45,497,15041.8,60,9.9,7,0,27265.42,1681.22,0.2437,North,High School,Divorced,0,Low Risk
381,56,65541.36,626,14281.55,36,17.4,2,0,31137.76,7191.82,0.2179,West,High School,Single,0,Low Risk
382,65,26559.28,692,3636.19,48,12.1,9,3,61631.53,2843.3,0.1369,South,High School,Married,0,Medium Risk
383,51,32644.19,617,34539.42,48,14.4,3,1,86109.63,5127.07,1.0581,East,PhD,Single,1,High Risk
384,51,83375.88,366,24291.38,36,14.6,2,1,76794.15,5033.3,0.2913,South,High School,Married,0,Medium Risk
385,57,104428.68,609,27104.53,48,17.9,3,1,54794.9,7804.19,0.2596,West,High School,Married,0,Low Risk
386,59,76049.3,745,28793.35,36,16.6,3,1,66261.23,1084.21,0.3786,West,High School,Divorced,1,Low Risk
387,57,32695.01,755,9632.53,48,2.6,1,1,32740.82,5337.42,0.2946,North,High School,Single,0,Low Risk
388,62,125279.12,450,33383.19,48,16.2,6,3,19566.66,5611.38,0.2665,East,Master,Divorced,1,Medium Risk
389,44,148737.6,308,30963.05,60,12.4,2,1,6241.06,7258.07,0.2082,North,High School,Divorced,1,Medium Risk
390,40,132538.35,540,22154.06,60,12.1,5,3,40603.27,3763.93,0.1672,South,Bachelor,Married,0,Medium Risk
391,57,69997.36,668,42158.17,24,9.0,10,1,13427.74,1038.09,0.6023,North,Bachelor,Divorced,1,Medium Risk
392,49,146746.75,439,5148.51,48,25.9,9,3,62324.85,3907.96,0.0351,West,PhD,Married,1,Medium Risk
393,33,75220.34,307,29318.99,24,21.5,4,3,92656.45,4822.64,0.3898,North,High School,Divorced,1,Medium Risk
394,45,34711.37,793,48125.15,12,4.7,8,2,46493.63,1086.76,1.3864,North,Bachelor,Married,0,Medium Risk
395,62,90095.64,619,31038.92,36,16.3,0,0,46886.88,4344.97,0.3445,West,Master,Married,1,Low Risk
396,40,41776.06,611,36621.61,60,8.2,10,3,57814.11,4796.45,0.8766,East,High School,Married,1,High Risk
397,30,85727.49,584,13350.5,60,8.8,4,0,74142.92,5028.66,0.1557,South,PhD,Married,0,Low Risk
398,37,83039.41,840,43238.71,36,29.5,2,2,93394.19,1656.13,0.5207,West,PhD,Married,0,Low Risk
399,50,114379.88,471,11331.98,36,2.1,4,0,5252.32,3980.11,0.0991,West,Master,Married,0,Low Risk
400,65,111729.01,785,13868.63,60,26.2,0,0,28879.22,6479.82,0.1241,West,Master,Divorced,0,Low Risk
401,56,102865.14,742,30913.79,36,10.4,4,0,25534.39,4881.33,0.3005,West,Bachelor,Divorced,0,Low Risk
402,43,108103.36,484,16350.22,12,20.3,1,0,41124.88,4439.48,0.1512,West,Master,Single,1,Low Risk
403,34,24425.43,394,3787.21,60,19.9,3,0,70807.51,1399.83,0.1551,South,PhD,Divorced,0,Medium Risk
404,33,52933.65,778,33363.41,12,19.3,4,3,69222.15,5506.84,0.6303,East,Master,Single,0,Medium Risk
405,25,69763.87,640,49801.97,36,28.7,4,1,44057.48,4187.91,0.7139,South,PhD,Single,1,Medium Risk
406,31,90282.18,741,11700.94,12,27.4,4,0,3486.09,1028.09,0.1296,East,PhD,Single,1,Low Risk
407,63,103243.59,338,33565.69,36,5.0,5,3,57464.03,4365.37,0.3251,West,PhD,Married,1,Medium Risk
408,26,90216.73,303,19836.77,48,4.1,8,2,33343.97,2771.21,0.2199,North,High School,Married,1,Medium Risk
409,51,118858.9,596,32741.84,24,16.9,6,1,29887.03,3425.79,0.2755,North,Master,Married,0,Low Risk
410,50,115592.14,443,2749.22,12,21.7,9,1,48923.26,972.44,0.0238,East,PhD,Divorced,1,Medium Risk
411,24,64107.06,645,39601.15,12,12.5,3,3,94008.98,7026.5,0.6177,South,Bachelor,Single,0,Medium Risk
412,31,83556.31,319,24089.76,60,1.9,10,1,1436.52,5244.96,0.2883,East,High School,Married,0,Medium Risk
413,26,126314.02,408,6594.8,60,24.1,3,0,80445.35,3696.59,0.0522,West,Master,Single,0,Low Risk
414,35,119349.62,477,17439.68,12,8.6,6,1,69629.58,4650.56,0.1461,West,Bachelor,Divorced,0,Medium Risk
415,28,122836.8,685,39105.42,12,26.4,1,0,722.4,7446.03,0.3184,East,PhD,Divorced,1,Low Risk
416,30,46800.83,577,26631.26,48,7.6,2,2,69167.36,4972.04,0.569,West,High School,Divorced,1,High Risk
417,48,20594.11,541,10403.24,60,29.3,9,2,86273.11,7900.87,0.5052,South,PhD,Divorced,0,High Risk
418,25,45183.47,452,34576.94,48,15.2,2,2,92267.3,905.21,0.7653,East,Master,Single,1,High Risk
419,43,100186.52,764,3122.56,12,27.8,2,0,78549.2,4137.96,0.0312,North,High School,Single,1,Low Risk
420,59,62376.4,503,37607.25,36,7.3,1,1,22778.21,2278.39,0.6029,West,Bachelor,Married,0,High Risk
421,52,96061.99,355,44633.95,24,6.9,9,3,17806.08,3301.14,0.4646,West,Bachelor,Divorced,1,Medium Risk
422,34,63665.87,332,34918.32,12,8.8,1,1,45857.89,1784.01,0.5485,East,Bachelor,Married,0,Medium Risk
423,61,137725.15,535,5237.24,60,14.9,3,3,83698.9,2593.78,0.038,West,Bachelor,Single,1,Medium Risk
424,59,48912.86,452,45773.98,12,12.8,0,0,4005.87,4029.89,0.9358,North,PhD,Divorced,1,Medium Risk
425,28,78817.38,546,5071.48,12,20.9,6,1,13271.2,2718.43,0.0643,North,High School,Married,1,Medium Risk
426,51,131529.87,324,48844.62,48,23.3,6,1,78985.87,3278.15,0.3714,West,High School,Divorced,0,Medium Risk
427,43,89019.64,603,21869.21,36,21.1,9,1,78769.18,1107.19,0.2457,East,High School,Divorced,1,Medium Risk
428,29,69784.15,776,31337.54,36,11.3,10,0,56075.82,6301.82,0.4491,South,Master,Single,0,Low Risk
429,52,115859.41,514,37905.5,24,10.0,4,3,27714.53,975.27,0.3272,East,PhD,Married,0,Medium Risk
430,56,108180.08,845,45073.11,48,18.8,10,0,18835.36,7129.84,0.4166,North,High School,Married,0,Low Risk
431,26,34217.44,582,6489.2,24,15.1,3,0,29316.94,7771.81,0.1896,South,PhD,Married,1,Low Risk
432,63,22792.7,493,4084.53,24,25.1,8,2,41169.17,3070.94,0.1792,East,PhD,Divorced,1,Medium Risk
433,41,93742.72,613,9415.12,36,7.2,5,2,76974.97,854.89,0.1004,East,Master,Married,0,Low Risk
434,32,112535.58,592,9931.75,24,25.3,10,1,16125.47,1376.88,0.0883,East,Bachelor,Married,1,Low Risk
435,33,46670.2,335,33612.11,36,4.9,7,1,53364.3,1411.18,0.7202,North,PhD,Married,0,High Risk
436,42,40286.92,819,17232.75,36,14.5,4,1,79957.62,5964.08,0.4278,West,Master,Divorced,0,Low Risk
437,52,137022.68,442,34222.41,12,9.6,6,1,44597.27,1193.61,0.2498,North,Bachelor,Divorced,0,Medium Risk
438,34,22931.32,756,34176.11,12,29.3,6,1,49046.54,5023.79,1.4904,North,Master,Married,0,Medium Risk
439,49,68051.9,681,1597.35,36,10.9,7,0,21569.52,7158.54,0.0235,West,PhD,Married,0,Low Risk
440,49,114718.72,724,7838.82,60,18.1,2,0,30323.11,7912.87,0.0683,East,High School,Divorced,1,Low Risk
441,22,73229.88,579,21311.19,60,14.1,9,1,19925.76,6742.13,0.291,East,PhD,Single,1,Low Risk
442,41,84233.06,774,12001.49,12,5.0,4,3,12417.69,5494.35,0.1425,East,PhD,Single,1,Low Risk
443,63,51817.53,422,38471.2,48,29.8,1,1,58106.58,4741.81,0.7424,East,PhD,Divorced,0,High Risk
444,54,115284.45,317,42418.72,24,17.7,2,1,46104.4,5699.62,0.3679,East,Bachelor,Single,1,Medium Risk
445,48,102712.13,664,3387.03,36,16.1,1,0,76644.24,1874.36,0.033,North,Bachelor,Divorced,1,Low Risk
446,65,123984.04,577,34586.74,36,3.3,9,2,82331.48,596.73,0.279,East,Master,Married,1,Medium Risk
447,32,33314.32,458,25665.76,24,24.0,8,0,41734.63,7370.23,0.7704,North,Bachelor,Single,1,Medium Risk
448,41,109836.59,442,41034.9,60,15.9,5,1,70989.49,715.7,0.3736,North,Bachelor,Single,0,Medium Risk
449,36,59965.68,514,7380.69,12,13.0,1,0,1880.64,4131.91,0.1231,West,High School,Single,0,Medium Risk
450,64,86752.3,360,23985.03,36,1.8,4,0,75455.03,6367.78,0.2765,South,Bachelor,Single,1,Medium Risk
451,27,38922.41,584,47490.79,36,10.9,8,1,50490.92,1012.53,1.2201,North,Bachelor,Divorced,0,Medium Risk
452,32,137215.84,850,1212.12,12,27.8,8,3,36646.3,4920.35,0.0088,West,High School,Single,1,Low Risk
453,49,47855.62,533,20971.32,36,4.1,1,0,49581.6,3209.38,0.4382,East,High School,Single,1,Medium Risk
454,29,70021.55,767,30419.09,36,20.8,7,1,55391.59,2679.42,0.4344,West,Bachelor,Single,1,Low Risk
455,45,43308.65,803,33932.68,48,13.4,10,0,11921.78,3461.09,0.7835,North,Bachelor,Single,1,Low Risk
456,43,46034.25,713,7015.35,48,21.9,4,2,75630.29,6507.38,0.1524,West,Master,Married,1,Low Risk
457,54,56255.78,765,6293.8,36,14.9,3,1,2972.35,6033.49,0.1119,North,PhD,Divorced,0,Low Risk
458,46,98595.91,634,8484.1,60,18.9,1,1,79273.14,2014.49,0.086,West,PhD,Divorced,1,Low Risk
459,43,125232.61,318,47676.44,12,29.7,1,1,45011.55,6896.56,0.3807,West,PhD,Single,0,Medium Risk
460,57,105723.43,610,44350.31,24,15.0,2,1,71572.32,4155.91,0.4195,North,PhD,Divorced,1,Medium Risk
461,57,131065.69,818,3731.12,36,15.1,6,2,76647.08,2633.28,0.0285,North,High School,Divorced,0,Low Risk
462,45,65353.98,327,38494.51,36,11.7,6,2,99194.55,3589.47,0.589,North,Bachelor,Single,0,Medium Risk
463,41,97029.12,367,43578.06,12,10.5,0,0,53841.68,780.33,0.4491,West,PhD,Married,0,Low Risk
464,52,96438.6,624,19509.14,48,10.0,1,1,10005.67,5563.33,0.2023,East,PhD,Divorced,1,Medium Risk
465,61,58937.72,746,10886.17,12,25.3,8,1,28735.56,856.49,0.1847,West,Bachelor,Divorced,0,Low Risk
466,59,32315.37,644,14394.88,60,24.1,7,3,20973.92,6467.39,0.4454,East,Master,Married,1,High Risk
467,48,72299.12,827,23208.2,60,5.8,0,0,62784.39,4371.68,0.321,South,PhD,Single,1,Low Risk
468,62,89253.51,744,46797.16,12,15.9,5,3,14774.37,1628.54,0.5243,East,PhD,Married,1,Medium Risk
469,62,46462.55,722,14079.8,36,19.6,4,1,40586.59,1351.69,0.303,South,High School,Single,1,Low Risk
470,53,92777.25,746,21678.94,12,6.5,4,1,2914.19,6422.52,0.2337,East,Bachelor,Divorced,0,Low Risk
471,53,121690.39,356,43119.62,12,9.8,4,0,90057.49,3552.55,0.3543,East,High School,Married,0,Medium Risk
472,29,94226.54,812,46713.84,60,20.1,9,2,49645.11,1176.87,0.4958,North,Master,Married,1,Low Risk
473,37,141615.01,523,8069.62,24,6.8,4,3,40837.56,6971.75,0.057,North,PhD,Divorced,1,Low Risk
474,29,61143.69,733,24267.85,24,28.9,2,1,47522.18,3258.04,0.3969,East,High School,Divorced,0,Low Risk
475,64,123862.37,355,34843.44,24,8.0,6,2,63894.91,5754.63,0.2813,North,Bachelor,Married,1,Medium Risk
476,47,140575.96,561,15743.52,24,9.3,2,1,63135.27,7096.0,0.112,West,High School,Married,0,Medium Risk
477,52,115802.46,640,36151.91,12,24.8,4,0,35185.63,5015.87,0.3122,East,PhD,Divorced,0,Low Risk
478,63,103407.03,754,39759.95,24,0.6,3,2,31372.18,1116.74,0.3845,South,Bachelor,Divorced,0,Low Risk
479,65,73341.11,627,23123.01,24,8.2,10,2,79952.87,1989.98,0.3153,West,Master,Single,1,Medium Risk
480,58,49183.33,323,46232.51,60,19.0,1,1,19826.62,5759.46,0.94,South,High School,Married,1,Medium Risk
481,38,39402.66,676,9336.02,60,4.0,8,3,77335.93,7462.14,0.2369,West,High School,Single,0,Medium Risk
482,39,57435.06,806,19721.6,48,25.8,9,1,99520.74,2622.25,0.3434,South,PhD,Single,1,Medium Risk
483,23,57725.08,568,12538.8,48,27.3,5,3,8573.87,4016.61,0.2172,East,PhD,Divorced,0,Medium Risk
484,46,112098.91,562,4579.73,60,2.2,5,1,47093.24,3157.26,0.0409,North,High School,Married,1,Medium Risk
485,47,107264.06,435,48434.83,60,1.7,2,1,16986.65,4196.3,0.4515,East,PhD,Single,0,Medium Risk
486,55,76280.86,566,6725.26,12,29.4,7,2,74782.34,7446.78,0.0882,East,Master,Divorced,1,Low Risk
487,42,76650.8,468,16461.6,48,23.0,2,2,85303.37,5430.65,0.2148,West,High School,Single,0,Medium Risk
488,36,43808.37,781,13750.97,48,13.4,7,0,44151.97,7916.14,0.3139,West,PhD,Married,0,Low Risk
489,31,36075.05,395,10982.95,36,5.8,2,2,50873.78,2545.94,0.3044,South,High School,Divorced,0,Medium Risk
490,26,52000.47,810,34168.52,36,1.3,10,0,39416.98,4927.54,0.6571,North,Master,Single,0,Medium Risk
491,51,127990.9,791,23248.72,36,18.0,0,0,32942.69,828.85,0.1816,West,Master,Divorced,0,Low Risk
492,25,124202.54,589,16835.37,12,22.4,8,3,9255.1,2413.73,0.1355,South,PhD,Single,0,Medium Risk
493,32,70505.38,712,14961.86,24,4.1,7,3,73588.93,7412.75,0.2122,South,Master,Divorced,0,Low Risk
494,54,45983.26,756,44385.24,48,8.4,9,3,9022.23,3669.02,0.9652,East,Bachelor,Married,1,Medium Risk
495,24,86734.39,774,34145.56,24,28.0,8,0,29070.3,3780.17,0.3937,West,Master,Single,0,Low Risk
496,41,129399.93,835,21958.86,60,1.9,1,0,51341.45,4329.89,0.1697,West,High School,Married,1,Low Risk
497,38,96123.83,815,1797.17,48,5.8,2,1,4525.87,3621.89,0.0187,East,Master,Divorced,1,Low Risk
498,50,101095.35,571,17725.38,24,6.7,1,1,87161.58,1297.48,0.1753,North,High School,Married,0,Medium Risk
499,32,105254.13,771,34898.51,60,21.9,4,2,69066.23,7723.56,0.3316,West,Master,Single,0,Low Risk
500,22,44804.27,316,35105.59,24,25.8,3,3,64862.32,5373.05,0.7835,West,Bachelor,Single,1,High Risk
